[	
	{
		"type": "message",
	    "card_id": 1,
		"title": "Message card",
		"text": "Your message goes here."
	},
	{
		"type": "reminder",
	    "card_id": 2
		
	},
	{
		"type": "textfield",
	    "card_id": 3,
		"title": "Text field card",
		"text": "This is a card with a text field.",
		"placeholder": "Enter some text here"
	},
	{
		"type": "textarea",
	    "card_id": 4,
		"title": "Text area card",
		"text": "This is a card with a larger text area.",
		"placeholder": "Enter a lot of text here"
	},
	{
		"type": "radio",
                "card_id": 5,
		"title": "Radio button card",
		"text": "You can select one answer in this card.",
		"options": [
			{
				"value": "value1",
				"label": "Option 1"
			},
			{
				"value": "value2",
				"label": "Option 2"
			}
		]
	},
	{
		"type": "checkbox",
	    "card_id": 6,
		"title": "Checkbox card",
		"text": "You can select multiple answers in this card.",
		"options": [
			{
				"value": "value1",
				"label": "Option 1"
			},
			{
				"value": "value2",
				"label": "Option 2"
			}
		]
	},
	{
		"type": "slider",
	    "card_id": 7,
		"title": "Slider card",
		"text": "This card contains 3 sliders.",
		"sliders": [
			{
				"label": "Slider from 1 to 10",
				"step": 1,
				"min_value": 1,
				"max_value": 10,
				"min_value_text": "1",
				"max_value_text": "10"
			},
			{
				"label": "Slider from 0% to 100%",
				"step": 1,
				"min_value": 0,
				"max_value": 100,
				"min_value_text": "0%",
				"max_value_text": "100%"
			},
			{
				"label": "Slider from 0% to 100% with step size 20%",
				"step": 20,
				"min_value": 0,
				"max_value": 100,
				"min_value_text": "0%",
				"max_value_text": "100%"
			}
		]
	}
]
