<?xml version="1.0" encoding="UTF-8"?>
<project-private xmlns="http://www.netbeans.org/ns/project-private/1">
    <editor-bookmarks xmlns="http://www.netbeans.org/ns/editor-bookmarks/2" lastBookmarkId="0"/>
    <open-files xmlns="http://www.netbeans.org/ns/projectui-open-files/2">
        <group>
            <file>file:/home/dai/NetBeansProjects/FinalProject/application/controllers/index.html</file>
            <file>file:/home/dai/NetBeansProjects/FinalProject/application/controllers/user_authentication.php</file>
            <file>file:/home/dai/NetBeansProjects/FinalProject/assets/css/patient.css</file>
            <file>file:/home/dai/NetBeansProjects/FinalProject/application/controllers/NotificationController.php</file>
            <file>file:/home/dai/NetBeansProjects/FinalProject/application/controllers/data.php</file>
            <file>file:/home/dai/NetBeansProjects/FinalProject/application/views/homePhysician.php</file>
            <file>file:/home/dai/NetBeansProjects/FinalProject/application/controllers/PhysicianController.php</file>
            <file>file:/home/dai/NetBeansProjects/FinalProject/assets/css/physician.css</file>
            <file>file:/home/dai/NetBeansProjects/FinalProject/application/controllers/PatientController.php</file>
            <file>file:/home/dai/NetBeansProjects/FinalProject/application/models/homephysician_model.php</file>
            <file>file:/home/dai/NetBeansProjects/FinalProject/application/views/template.php</file>
            <file>file:/home/dai/NetBeansProjects/FinalProject/application/models/data_model.php</file>
        </group>
    </open-files>
</project-private>
